{
  "workers": [
    {
      "name": "Трошин Дмитрий Олегович",
      "position": "Стажер",
      "age": 21,
      "salary": 35000,
      "phoneNumber": "345-45-53",
      "address": " ул. Степана Разина 35"
    },
    {
      "name": "Арзамасцев Евгений Владимирович",
      "position": "Стажер",
      "age": 21,
      "salary": 35000,
      "phoneNumber": "234-98-53",
      "address": " ул. Патрика 5"
    },
    {
      "name": "Родин Иван Иванович",
      "position": "Бухгалтер",
      "age": 35,
      "salary": 40000,
      "phoneNumber": "123-98-76",
      "address": " ул. Семенова 21"
    }
  ]
}